"C1","C2","C3","C4","C5","C6","C7","C8","C9","C10","C11","C12","C13","C14","C15","C16","C17","C18","C19","C20","C21","C22","C23","C24","C25","C26","C27","C28","C29","C30","C31","C32","C33","C34","C35","C36","C37","C38","C39","C40","C41","C42","C43","C44","C45","C46","C47","C48","C49","C50","C51","C52","C53","C54","C55","C56","C57","C58","C59","C60","C61","C62","C63","C64","C65","C66","C67","C68","C69","C70","C71","C72","C73","C74","C75","C76","C77","C78","C79","C80","C81","C82","C83","C84","C85","C86","C87","C88","C89","C90","C91","C92","C93","C94","C95","C96","C97","C98","C99","C100"
0.13747508823871613,-0.06106314808130264,0.11039882153272629,-0.060331329703330994,-0.1935463547706604,-0.026103029027581215,0.09674248844385147,-0.013926071114838123,0.2203758955001831,-0.12241075187921524,-0.024912521243095398,-0.06486588716506958,0.01345331221818924,0.10989126563072205,-0.006955376360565424,0.09926960617303848,-0.0035247753839939833,0.1276240199804306,-0.028448475524783134,-0.1377539485692978,-0.12476049363613129,0.06591546535491943,-0.0651506632566452,-0.022030310705304146,0.10935452580451965,-0.11821676045656204,-0.07633664458990097,0.11571843177080154,-0.09693192690610886,-0.2188977301120758,0.23671855032444,-0.01315401028841734,0.03905782848596573,0.07817580550909042,0.12484516948461533,0.029010234400629997,-0.0581464022397995,0.03832358494400978,0.09705407172441483,-0.19230718910694122,0.026855189353227615,-0.16568665206432343,0.03634830564260483,-0.054738808423280716,0.13947980105876923,-0.03613642603158951,-0.175613135099411,-0.11733483523130417,-0.030196649953722954,-0.0544193796813488,-0.01279557403177023,0.004564622882753611,0.005261702928692102,0.1998944878578186,0.09504707157611847,0.007930525578558445,0.1049908921122551,0.09966324269771576,-0.05394662916660309,0.006099159363657236,0.10719282180070877,0.08413626998662949,0.07980851083993912,-0.00857575610280037,-0.15713348984718323,0.143637552857399,0.14192616939544678,0.05877573788166046,0.09010142832994461,0.053582120686769485,0.12983380258083344,0.12990202009677887,0.012392465956509113,-0.005167531780898571,-0.09321588277816772,0.03538862615823746,-0.015716098248958588,-0.09553848206996918,0.07137664407491684,0.0878143236041069,0.07524412870407104,0.05611728876829147,0.16680608689785004,0.04187270253896713,-0.0417938306927681,0.054212987422943115,0.11361803114414215,0.010447781533002853,0.008292042650282383,-0.04866413399577141,0.049514662474393845,-0.11269602924585342,0.024521293118596077,0.04332081601023674,0.13054272532463074,0.11819189041852951,-0.012768303975462914,0.029786260798573494,-0.013891204260289669,0.016275811940431595
0.19141194224357605,-0.03449686989188194,0.06101682409644127,-0.03476693108677864,-0.15865270793437958,-0.06391985714435577,0.0785849466919899,-0.012831275351345539,0.1834055632352829,-0.14009147882461548,-0.045824866741895676,-0.062016651034355164,0.03031611070036888,0.09359954297542572,-0.02253377065062523,0.0776587426662445,-0.007037628907710314,0.14052985608577728,-0.03487575799226761,-0.14954189956188202,-0.11518003046512604,0.05011041834950447,-0.07925385236740112,-0.03131245821714401,0.12272179126739502,-0.13354571163654327,-0.09530986845493317,0.10367482155561447,-0.11855661123991013,-0.1984318196773529,0.22684311866760254,-0.046514980494976044,-0.0033556544221937656,0.06416066735982895,0.10881032049655914,0.021040018647909164,-0.04539147764444351,0.03579851612448692,0.10531333088874817,-0.1654718667268753,0.04924607276916504,-0.12679918110370636,0.02084253542125225,-0.04752955958247185,0.12867413461208344,-0.019180791452527046,-0.18806278705596924,-0.10792933404445648,-0.05548644810914993,-0.06565027683973312,-0.020570341497659683,-0.009426593780517578,0.020632553845643997,0.18885384500026703,0.06829462945461273,0.015238669700920582,0.0881577581167221,0.09474947303533554,-0.02559194155037403,-0.04537966474890709,0.11875361949205399,0.07363580912351608,0.11508619040250778,0.06214699149131775,-0.18344658613204956,0.11220966279506683,0.13673105835914612,0.06468547880649567,0.08927757292985916,0.061337411403656006,0.10356444865465164,0.13926661014556885,0.0240437313914299,0.013520393520593643,-0.0886562168598175,0.02147768810391426,-4.850966433878057E-5,-0.04588056355714798,0.06798843294382095,0.07098434865474701,0.11662446707487106,0.0411115325987339,0.1433020830154419,0.029045840725302696,-0.050192851573228836,0.07430955022573471,0.09490294754505157,0.014990598894655704,-0.014483905397355556,-0.022864490747451782,0.05534207820892334,-0.11355257034301758,0.0482986681163311,0.025726305320858955,0.12273356318473816,0.0728764533996582,-0.04382696375250816,0.03830030560493469,-0.0014159309212118387,0.03504617512226105
0.22867102921009064,-0.06129193305969238,0.10690207779407501,-0.12589608132839203,-0.11291218549013138,-0.010504283010959625,0.09308083355426788,-0.04011386260390282,0.19196222722530365,-0.10695044696331024,-0.004795614164322615,-0.018423398956656456,0.017801113426685333,0.10546893626451492,0.0323278084397316,0.12347830086946487,0.014240143820643425,0.1295129358768463,-0.001264287973754108,-0.17275866866111755,-0.12630939483642578,0.07831629365682602,-0.05597472935914993,-0.05452311038970947,0.10336758196353912,-0.11959172785282135,-0.08216864615678787,0.1312224268913269,-0.108003631234169,-0.18013910949230194,0.24595129489898682,-0.03620506078004837,0.03367393836379051,0.05895533040165901,0.1377706080675125,0.0235360786318779,-0.09937291592359543,0.030499247834086418,0.08323341608047485,-0.16900810599327087,0.045476216822862625,-0.16874119639396667,0.08077444136142731,-0.058648981153964996,0.12667174637317657,-0.05769285559654236,-0.1594199240207672,-0.16212372481822968,-0.018962128087878227,-0.1131749376654625,0.016083046793937683,0.03664867579936981,0.01947849430143833,0.17738616466522217,0.10655413568019867,0.017378728836774826,0.09303645044565201,0.0991189181804657,-0.0422009639441967,0.0013323971070349216,0.12543030083179474,0.08945845812559128,0.036459892988204956,0.024415625259280205,-0.12972058355808258,0.10810499638319016,0.10745388269424438,0.05968480929732323,0.103304922580719,0.07774761319160461,0.13610221445560455,0.14384889602661133,0.03808047994971275,0.011593016795814037,-0.08999235183000565,-0.0027937034610658884,-0.027847105637192726,-0.08349668234586716,0.048895686864852905,0.11642096191644669,0.07180891931056976,0.051081981509923935,0.16971562802791595,0.05920385196805,-0.0035468819551169872,0.08434136211872101,0.11960607022047043,-0.011161820031702518,0.022756941616535187,-0.039694830775260925,0.04290101304650307,-0.19573120772838593,0.04082335904240608,0.015244360081851482,0.13523587584495544,0.1307997852563858,0.04054158180952072,0.020219799131155014,-0.04889291897416115,0.038280829787254333
0.16132263839244843,-0.05798858776688576,0.09606611728668213,-0.1094573363661766,-0.17036229372024536,-0.0150578198954463,0.10093735158443451,-0.050233226269483566,0.2376377433538437,-0.11339429020881653,-0.014397084712982178,-0.03917252644896507,0.025176580995321274,0.08365661650896072,0.027725106105208397,0.13356246054172516,-0.019220221787691116,0.15768879652023315,-0.020653795450925827,-0.15506060421466827,-0.14147014915943146,0.062263596802949905,-0.05966247245669365,-0.04882114380598068,0.12012089043855667,-0.10272654891014099,-0.09773818403482437,0.15431678295135498,-0.09703318029642105,-0.20144373178482056,0.2518462836742401,0.011777624487876892,0.0729491114616394,0.06177446246147156,0.141538605093956,0.01685319095849991,-0.07725004851818085,0.038660306483507156,0.08411947637796402,-0.18731069564819336,0.03227948769927025,-0.18462763726711273,0.06532364338636398,-0.06095351651310921,0.1390366554260254,-0.011538042686879635,-0.18040922284126282,-0.13875780999660492,-0.020146146416664124,-0.07740072906017303,0.00457987654954195,0.023468291386961937,-0.01622636988759041,0.19430235028266907,0.0836137980222702,-0.002252885140478611,0.08975003659725189,0.0977870300412178,-0.0710815042257309,0.023634659126400948,0.1094634011387825,0.09489956498146057,0.07366426289081573,-0.009181748144328594,-0.14030784368515015,0.102681465446949,0.14982281625270844,0.04778970032930374,0.10735470056533813,0.05729812756180763,0.13322503864765167,0.1232939139008522,0.02447791025042534,-4.589430463965982E-4,-0.0723332017660141,8.592271478846669E-4,-0.023670947179198265,-0.09476226568222046,0.06361204385757446,0.07905606925487518,0.08266373723745346,0.029732823371887207,0.14372430741786957,0.04561677575111389,-0.03511440008878708,0.07110382616519928,0.11416313052177429,-0.0066766017116606236,0.03551032021641731,-0.04568106681108475,0.05931112915277481,-0.158517986536026,0.010863423347473145,0.03024110198020935,0.14303058385849,0.13331368565559387,0.023193078115582466,0.010324866510927677,-0.03353093937039375,0.023574795573949814
0.2589589059352875,-0.12666496634483337,0.077067531645298,-0.06433373689651489,-0.1356479972600937,-0.024740658700466156,0.11872594803571701,-0.039796505123376846,0.24613788723945618,-0.08675553649663925,-0.044387344270944595,-0.04324521869421005,0.015022512525320053,0.08571141213178635,0.04744995757937431,0.13096418976783752,-0.01767851412296295,0.11213472485542297,-0.006005891598761082,-0.1408582329750061,-0.13944905996322632,0.09317925572395325,-0.025421075522899628,-0.043240223079919815,0.07770108431577682,-0.14204494655132294,-0.0979381874203682,0.14323168992996216,-0.10220227390527725,-0.1958659440279007,0.2786051630973816,-0.002757027978077531,0.07735057175159454,0.03602411597967148,0.10550519078969955,0.0280967578291893,-0.06409715116024017,0.027767743915319443,0.10347087681293488,-0.16948994994163513,0.046013858169317245,-0.1933371126651764,0.031160496175289154,-0.049107324331998825,0.12358304858207703,-0.019591806456446648,-0.18924890458583832,-0.11837253719568253,-0.02099185809493065,-0.09681487083435059,-0.04622712358832359,0.033891547471284866,0.04452625662088394,0.1731383204460144,0.07358687371015549,0.01438310369849205,0.06097910925745964,0.12542645633220673,-0.04742080718278885,0.00690171355381608,0.08170067518949509,0.09625021368265152,0.07465926557779312,-3.036642447113991E-4,-0.1653304398059845,0.08829256892204285,0.11848408728837967,0.021010736003518105,0.10579100996255875,0.0484442263841629,0.11146602034568787,0.13342495262622833,0.048913098871707916,0.017915824428200722,-0.09511804580688477,0.03430314362049103,-0.017700036987662315,-0.0669572651386261,0.04737265035510063,0.06690773367881775,0.11106651276350021,0.04585583880543709,0.12011761963367462,0.04089754447340965,-0.06427612900733948,0.07801828533411026,0.12973754107952118,-0.026952030137181282,0.022919779643416405,-0.02015656605362892,0.06767717003822327,-0.17242135107517242,0.00896999891847372,0.029704082757234573,0.113881915807724,0.1278795450925827,0.005058295093476772,0.027903830632567406,-0.006955907214432955,0.014596671797335148
0.15166768431663513,-0.09802501648664474,0.06887277215719223,-0.10901379585266113,-0.15030673146247864,0.023697001859545708,0.12333180010318756,-0.1173229068517685,0.25405943393707275,-0.11455757915973663,-0.012395188212394714,0.004946450237184763,0.04046346992254257,0.08099163323640823,0.052688296884298325,0.1271464228630066,-0.05337119102478027,0.14790257811546326,0.02787766419351101,-0.1340998411178589,-0.13379287719726562,0.0574093833565712,-0.05540601164102554,-0.046200964599847794,0.1050524190068245,-0.14658668637275696,-0.11834876239299774,0.13564711809158325,-0.07275762408971786,-0.19062413275241852,0.2717025578022003,0.026813892647624016,0.062123287469148636,0.08414751291275024,0.14227545261383057,0.006078153382986784,-0.09429798275232315,0.04253902658820152,0.06521069258451462,-0.17392998933792114,0.06707871705293655,-0.21196351945400238,0.0645492896437645,-0.0022025015205144882,0.1582476943731308,-0.012484406121075153,-0.14611689746379852,-0.12021913379430771,-0.10202894359827042,-0.10540471971035004,0.05553809553384781,0.026814715936779976,0.022600509226322174,0.16510005295276642,0.0485588014125824,0.002514616120606661,0.07680445164442062,0.1296594738960266,-0.11643106490373611,0.042569849640131,0.09130719304084778,0.10368028283119202,0.07353334128856659,0.037979256361722946,-0.14741304516792297,0.068246990442276,0.1448575109243393,0.05632876604795456,0.14295801520347595,0.07014428079128265,0.10934166610240936,0.12611782550811768,0.10076189041137695,-0.01719578169286251,-0.09127213805913925,-0.011314558796584606,-0.01817386783659458,-0.04547422379255295,0.051613230258226395,0.09030525386333466,0.10638903826475143,0.04077260196208954,0.14350077509880066,0.013275505974888802,-0.04125821962952614,0.0823705717921257,0.13925506174564362,-0.00669817253947258,0.025575723499059677,-0.019352110102772713,0.05223560705780983,-0.18934817612171173,-0.047049496322870255,-0.022282904013991356,0.1741952896118164,0.11253924667835236,0.045362360775470734,0.07028263062238693,-0.00994410552084446,0.06582169979810715
0.19362883269786835,-0.11028578877449036,0.11149477958679199,-0.08776022493839264,-0.12011939287185669,-0.002430734457448125,0.13091415166854858,-0.06250891834497452,0.2421020120382309,-0.10177645832300186,-0.014785044826567173,-0.007315019145607948,0.02611655183136463,0.08892152458429337,0.04179989919066429,0.14023956656455994,-0.02728465385735035,0.12289582192897797,-0.009748747572302818,-0.14709828794002533,-0.13415591418743134,0.05610000342130661,-0.04399482533335686,-0.04405380040407181,0.09328721463680267,-0.1371605545282364,-0.09439557790756226,0.13686759769916534,-0.06863834708929062,-0.2138138711452484,0.2752034664154053,0.013125632889568806,0.07237899303436279,0.08619675785303116,0.12420886754989624,0.011758053675293922,-0.08566909283399582,0.03934430330991745,0.08722195774316788,-0.16474901139736176,0.05408741906285286,-0.1833391785621643,0.04242146015167236,-0.026203233748674393,0.15395285189151764,-0.03164590895175934,-0.17633043229579926,-0.11255394667387009,-0.05173754692077637,-0.07725773751735687,8.148124325089157E-4,0.014379124157130718,0.04001448303461075,0.1637508124113083,0.05849117785692215,0.00443267822265625,0.0659063383936882,0.10554549098014832,-0.06673648953437805,0.02484339103102684,0.09056559205055237,0.07935664802789688,0.056257084012031555,0.006722921505570412,-0.15043528378009796,0.0845227912068367,0.16606765985488892,0.04731157794594765,0.11564864963293076,0.04799555614590645,0.10741159319877625,0.13457854092121124,0.017553899437189102,-0.02095157839357853,-0.08535819500684738,0.015974663197994232,-0.018918657675385475,-0.07914575934410095,0.049205198884010315,0.0696580708026886,0.0893174484372139,0.05932198837399483,0.1714359074831009,0.05855342745780945,-0.04512769728899002,0.07148954272270203,0.1366865038871765,-0.012080132029950619,0.04552310332655907,-0.044468559324741364,0.058240845799446106,-0.17839041352272034,-0.007380092516541481,0.011492342688143253,0.13750624656677246,0.11290601640939713,0.036666691303253174,0.04552510008215904,-0.014350755140185356,0.0727296695113182
-0.010284838266670704,-0.05234667286276817,0.0548718087375164,-0.0983806848526001,-0.07926847040653229,-0.06086232513189316,0.0384482741355896,-0.08218301832675934,0.08751168102025986,-0.10544403642416,0.052261821925640106,0.08517336845397949,0.06445789337158203,0.10845077782869339,0.014605491422116756,0.02732638642191887,0.03894247114658356,0.061305198818445206,0.024790745228528976,-0.12310050427913666,-0.03980042040348053,0.025752326473593712,0.025590665638446808,0.04571562260389328,0.03994087874889374,-0.21361209452152252,-0.060838695615530014,0.10860268771648407,-0.02945505455136299,-0.14117898046970367,0.12587080895900726,-0.04351086914539337,0.057391948997974396,0.04836424067616463,0.06592312455177307,0.009041826240718365,-0.06153827905654907,0.002065540524199605,0.04969826713204384,-0.07133494317531586,0.004393037408590317,-0.20396700501441956,0.06948531419038773,0.01827326975762844,0.1226046159863472,-0.05870194733142853,-0.1303352415561676,-0.12026806175708771,0.015399225987493992,-0.10621951520442963,0.06316778063774109,0.07221756875514984,0.04787373170256615,0.2035532146692276,0.16278252005577087,0.03719596564769745,0.03741108998656273,0.058244675397872925,-0.12419028580188751,0.03967484086751938,0.05145946890115738,0.11467757076025009,0.1261531114578247,-0.011374661698937416,-0.12558123469352722,-0.0018950289813801646,0.14182226359844208,0.02623431384563446,0.08729267865419388,0.07218272984027863,0.12059365212917328,0.17143762111663818,0.0023404948879033327,0.019484588876366615,-0.13628965616226196,0.04319906234741211,0.006458902731537819,-0.008951450698077679,0.03163063898682594,0.08992461115121841,0.1281246393918991,0.03978249058127403,0.11966238170862198,0.05928458273410797,-0.03606999292969704,0.12870608270168304,0.09009682387113571,-0.08022928982973099,0.01025450136512518,0.04464014992117882,0.03015226125717163,-0.08924811333417892,0.08623851090669632,0.00657557463273406,0.05451197549700737,0.11448188871145248,0.017139269039034843,-0.014074794016778469,0.031167808920145035,0.12850774824619293
0.17779555916786194,-0.033175982534885406,0.05995508283376694,-0.03569409251213074,-0.1669960767030716,-0.05029558762907982,0.08171641826629639,-0.004222211427986622,0.19646216928958893,-0.11589542776346207,-0.061386480927467346,-0.06833022832870483,0.028140852227807045,0.0861094668507576,-0.01836107112467289,0.09683199226856232,-0.009585676714777946,0.1240721195936203,-0.03630007058382034,-0.14117196202278137,-0.10527539253234863,0.05309431627392769,-0.07897672802209854,-0.04790705069899559,0.11935777217149734,-0.14019086956977844,-0.09010478854179382,0.10766259580850601,-0.11982706934213638,-0.19290612637996674,0.20706647634506226,-0.0477190762758255,-0.0027427305467426777,0.07665303349494934,0.11913269758224487,0.03224049508571625,-0.044005390256643295,0.006069457158446312,0.09861589223146439,-0.18379808962345123,0.03317192941904068,-0.12004289776086807,0.024014372378587723,-0.035971272736787796,0.13075093924999237,-0.0019746425095945597,-0.20036707818508148,-0.10936377942562103,-0.05677404627203941,-0.0699225589632988,-0.03286007046699524,-0.01333977747708559,0.020267272368073463,0.19721686840057373,0.07121547311544418,0.017854996025562286,0.09291158616542816,0.09047546237707138,-0.013515535742044449,-0.051185622811317444,0.11714206635951996,0.08438332378864288,0.1261315494775772,0.06412836164236069,-0.17579177021980286,0.11452624201774597,0.13984276354312897,0.05719325691461563,0.09887088090181351,0.06255870312452316,0.09970404952764511,0.13859905302524567,0.022272279486060143,0.007052290253341198,-0.08747338503599167,0.02435731515288353,-0.012245899997651577,-0.05270003899931908,0.08956845849752426,0.06413015723228455,0.12513841688632965,0.033297449350357056,0.15643636882305145,0.025336435064673424,-0.02676723152399063,0.07466087490320206,0.09256992489099503,0.023958681151270866,-0.014385000802576542,-0.02034919336438179,0.03764956444501877,-0.131553053855896,0.06226200610399246,0.01784808374941349,0.1259070634841919,0.07770469039678574,-0.053842417895793915,0.02982551045715809,-0.009534825570881367,0.033293116837739944
0.20182473957538605,-0.10437965393066406,0.10672178864479065,-0.05088395997881889,-0.17678605020046234,-0.015260361135005951,0.10737013816833496,-0.015888359397649765,0.24591661989688873,-0.10085088759660721,-0.029167011380195618,-0.05100943148136139,0.023293251171708107,0.07299024611711502,0.021254833787679672,0.13445661962032318,0.007884579710662365,0.09957598149776459,-0.013147908262908459,-0.1329776644706726,-0.12767788767814636,0.07625619322061539,-0.03449321538209915,-0.033588606864213943,0.09245169162750244,-0.09636091440916061,-0.10523185133934021,0.13868455588817596,-0.09362448751926422,-0.2193542867898941,0.26380690932273865,-0.00878946203738451,0.09055128693580627,0.06298456341028214,0.1095709279179573,0.05194747820496559,-0.060893114656209946,0.03109990991652012,0.1107359379529953,-0.1969808042049408,0.05660335347056389,-0.16178500652313232,0.01469098124653101,-0.05292464420199394,0.12720230221748352,-0.02457122690975666,-0.20132820308208466,-0.11133744567632675,-1.986323477467522E-4,-0.06278959661722183,-0.03463758900761604,0.03258611261844635,0.017466310411691666,0.18362420797348022,0.07485262304544449,0.0047774952836334705,0.06644608825445175,0.11052259057760239,-0.020962698385119438,-0.013168055564165115,0.09415339678525925,0.099900983273983,0.08302032947540283,-0.005366399418562651,-0.15451623499393463,0.1146526113152504,0.15150225162506104,0.013868016190826893,0.09344686567783356,0.07293757051229477,0.131883904337883,0.12869291007518768,-0.008385655470192432,0.019912030547857285,-0.11407779157161713,0.03568275645375252,-0.005288970656692982,-0.07603517919778824,0.0684652104973793,0.05990105867385864,0.09143990278244019,0.06771356612443924,0.14161638915538788,0.06353364139795303,-0.0762336254119873,0.06743224710226059,0.13808618485927582,-0.019319865852594376,0.004974052309989929,-0.05698596313595772,0.07950762659311295,-0.12194310873746872,0.019882772117853165,0.04818641021847725,0.10659538209438324,0.1062745749950409,-0.009919648058712482,0.03183702751994133,0.018648359924554825,0.03166383504867554
0.09008438140153885,-0.05482875183224678,0.08913139998912811,-0.085898257791996,-0.2204444706439972,-0.019476808607578278,0.08946367353200912,-0.04630674794316292,0.22399134933948517,-0.10055042058229446,0.026324789971113205,-0.052566565573215485,0.03913234919309616,0.07091677933931351,0.011711427941918373,0.12506221234798431,-0.027059301733970642,0.14992648363113403,-0.027087703347206116,-0.16559819877147675,-0.1624194234609604,0.06812828779220581,-0.06996751576662064,-0.034158237278461456,0.087213896214962,-0.07950863987207413,-0.0909084677696228,0.16015203297138214,-0.09447161853313446,-0.20945289731025696,0.25301992893218994,0.026360828429460526,0.05409759655594826,0.07387702912092209,0.14093735814094543,0.0384775809943676,-0.055777836591005325,0.04933154210448265,0.06930811703205109,-0.1374240517616272,0.027105726301670074,-0.16169370710849762,0.0288370493799448,-0.04346999153494835,0.12941785156726837,0.0034115619491785765,-0.17974120378494263,-0.10314811766147614,-0.04726649820804596,-0.022746073082089424,-0.030888134613633156,0.0053020864725112915,-0.04769863933324814,0.19519652426242828,0.03327494487166405,0.0016909419791772962,0.09900621324777603,0.11315112560987473,-0.09361793100833893,0.03289347514510155,0.09794019907712936,0.05490672588348389,0.06347200274467468,0.0038738350849598646,-0.1468549519777298,0.12379491329193115,0.16934452950954437,0.03835742920637131,0.10846514999866486,0.04547949135303497,0.13431522250175476,0.12133527547121048,-0.03932948410511017,0.0038583839777857065,-0.07358381897211075,-0.014777612872421741,-0.029466280713677406,-0.10129968822002411,0.07121477276086807,0.05463307723402977,0.06559889763593674,0.0368119515478611,0.15032628178596497,0.013763956725597382,-0.047192227095365524,0.0220200028270483,0.10081364959478378,-0.009161685593426228,0.03412020206451416,-0.08192840218544006,0.03643001988530159,-0.14345203340053558,0.024953383952379227,0.05456200987100601,0.11936634033918381,0.1084471121430397,0.03140876442193985,0.011662844568490982,-0.030840562656521797,0.047253578901290894
0.20950943231582642,-0.0915202721953392,0.12509208917617798,-0.07475662976503372,-0.09821312129497528,-0.038437619805336,0.1446765959262848,-0.05493750795722008,0.2225753664970398,-0.1110898107290268,0.007713913917541504,-0.016436032950878143,0.02734408713877201,0.08651483803987503,0.04969903826713562,0.15177933871746063,-0.04304969683289528,0.09355859458446503,-0.035033006221055984,-0.15669697523117065,-0.14563271403312683,0.07148619741201401,-0.0594530813395977,-0.036083661019802094,0.09132926166057587,-0.12292168289422989,-0.08118285238742828,0.12198211252689362,-0.10786924511194229,-0.22525732219219208,0.29220572113990784,0.031247982755303383,0.06956867128610611,0.04802888631820679,0.12311051040887833,0.0065988353453576565,-0.09016861766576767,0.022958898916840553,0.07701771706342697,-0.14062640070915222,0.04733997583389282,-0.20174531638622284,0.019723309203982353,-0.02279970794916153,0.13480347394943237,-0.04435404762625694,-0.19048075377941132,-0.12040434032678604,-0.018702732399106026,-0.045571740716695786,-0.03460269793868065,0.030557774007320404,0.03286537900567055,0.1744377315044403,0.053553011268377304,0.032784007489681244,0.10181958228349686,0.09278201311826706,-0.07354717701673508,0.030874399468302727,0.06548559665679932,0.0520758181810379,0.07175569981336594,-0.01972288452088833,-0.16192492842674255,0.091396763920784,0.16639167070388794,0.04269267991185188,0.1009373664855957,0.05518270656466484,0.11717262864112854,0.11327677220106125,-0.0053006736561656,-0.0017558722756803036,-0.06241311505436897,0.01235182210803032,-0.061323486268520355,-0.10734903812408447,0.06051815673708916,0.06837564706802368,0.10048981755971909,0.06480025500059128,0.18455961346626282,0.03331160172820091,-0.026185356080532074,0.08133945614099503,0.09906163066625595,-0.02289547026157379,0.05162973329424858,-0.061538372188806534,0.030667036771774292,-0.16692286729812622,-6.924262270331383E-4,0.021834148094058037,0.11388576775789261,0.1208576038479805,0.03639700263738632,0.03212437406182289,-0.004037069622427225,0.05895211547613144
0.19322709739208221,-0.11494316160678864,0.10074841976165771,-0.06843314319849014,-0.17977072298526764,-0.014930988661944866,0.09355481714010239,-0.03855567425489426,0.22381801903247833,-0.08669693022966385,-0.0182212945073843,-0.038569122552871704,9.78277763351798E-4,0.0843745619058609,0.008806495927274227,0.13609468936920166,-0.011767877265810966,0.11259609460830688,-0.009027219377458096,-0.13951265811920166,-0.11794288456439972,0.03844573721289635,-0.05159907788038254,-0.037290479987859726,0.10570235550403595,-0.12232235819101334,-0.08754343539476395,0.1396922767162323,-0.0804440826177597,-0.19230321049690247,0.2346561998128891,-0.021120339632034302,0.05268237367272377,0.07147277146577835,0.08869782090187073,0.020064081996679306,-0.06180364266037941,0.008115450851619244,0.10593058913946152,-0.1681707799434662,0.08163517713546753,-0.14107269048690796,0.013071025721728802,-0.05083056539297104,0.1381332278251648,-0.028883177787065506,-0.18903976678848267,-0.12311646342277527,-0.03302265703678131,-0.052072737365961075,-0.01155976764857769,0.018609708175063133,0.024268891662359238,0.16836057603359222,0.06759176403284073,0.01885870285332203,0.08020050078630447,0.10983522236347198,-0.02360672689974308,-0.0169972013682127,0.12248643487691879,0.10268809646368027,0.0815548375248909,0.008411798626184464,-0.16605639457702637,0.11779632419347763,0.11670979857444763,0.048917368054389954,0.10705897212028503,0.05744064599275589,0.09667951613664627,0.1394980102777481,0.006311420351266861,0.01157400757074356,-0.10293364524841309,0.015669509768486023,-0.02258940227329731,-0.060674671083688736,0.04769017547369003,0.06256552785634995,0.10019322484731674,0.054250650107860565,0.13138309121131897,0.060567706823349,-0.06487248837947845,0.06224570795893669,0.13353495299816132,-0.010652070865035057,-0.016582388430833817,-0.03647351637482643,0.04633515700697899,-0.1233806312084198,0.01148243434727192,0.024336818605661392,0.12478447705507278,0.11767338216304779,-0.02761363610625267,0.03416348621249199,-9.861247381195426E-4,0.039367444813251495
0.24149362742900848,-0.13211551308631897,0.11358653008937836,-0.1101677194237709,-0.09680920839309692,0.016214780509471893,0.17089493572711945,-0.06797068566083908,0.2530885338783264,-0.09533417224884033,-0.02041715569794178,0.0034920598845928907,0.020043058320879936,0.06838469207286835,0.06521906703710556,0.1598743349313736,-0.036765407770872116,0.1423128843307495,-0.025030141696333885,-0.1681535840034485,-0.12507475912570953,0.06014885753393173,-0.022249076515436172,-0.029783202335238457,0.09002260118722916,-0.132767915725708,-0.08938184380531311,0.147298663854599,-0.06159035488963127,-0.19745488464832306,0.3053196966648102,0.020383816212415695,0.11060325801372528,0.06123020127415657,0.12306739389896393,0.012988331727683544,-0.09352626651525497,0.030780883505940437,0.08409816771745682,-0.17332658171653748,0.05776986852288246,-0.20854659378528595,0.04854258894920349,-0.046092476695775986,0.1658167690038681,-0.042219992727041245,-0.17420344054698944,-0.12589505314826965,-0.03695430979132652,-0.07562100887298584,0.006768031977117062,0.035475317388772964,0.024821428582072258,0.1577923595905304,0.07951284199953079,0.002532519167289138,0.05230553448200226,0.1264556646347046,-0.08446180820465088,0.05284719541668892,0.06733793765306473,0.08450733870267868,0.03153904899954796,-0.019514020532369614,-0.12784378230571747,0.0847003161907196,0.1478474885225296,0.031124532222747803,0.11540068686008453,0.021614618599414825,0.1332634836435318,0.14449438452720642,0.04082496464252472,-0.006449634674936533,-0.09700068086385727,0.028928834944963455,-0.03197966516017914,-0.09395185858011246,0.02422407642006874,0.09465085715055466,0.0957937017083168,0.07853756844997406,0.169234961271286,0.0658479705452919,-0.056320156902074814,0.08087258040904999,0.15266698598861694,-0.022084131836891174,0.06322163343429565,-0.05765927955508232,0.0566905215382576,-0.20863895118236542,-0.009560579434037209,0.05030897632241249,0.12870819866657257,0.11139721423387527,0.04978473484516144,0.02863760106265545,-0.05049315467476845,0.042054347693920135
0.19683994352817535,-0.09955169260501862,0.11447294056415558,-0.06224481761455536,-0.15022610127925873,-0.017044896259903908,0.11678523570299149,-0.02971895970404148,0.23810014128684998,-0.104404978454113,-0.019650211557745934,-0.036010146141052246,0.028741393238306046,0.08266232162714005,0.02829018048942089,0.137612447142601,-0.03872770443558693,0.11305703222751617,-0.008172333240509033,-0.15528488159179688,-0.12430092692375183,0.05948931723833084,-0.027487516403198242,-0.04038114845752716,0.08169187605381012,-0.13174116611480713,-0.07216550409793854,0.13866841793060303,-0.09864401072263718,-0.21147504448890686,0.26716965436935425,0.0034759165719151497,0.07339028269052505,0.052849505096673965,0.12454624474048615,0.021962663158774376,-0.07359461486339569,0.04128475487232208,0.10577140748500824,-0.174674853682518,0.04919535294175148,-0.18099476397037506,0.02313733473420143,-0.04963294789195061,0.12984614074230194,-0.031119918450713158,-0.1871124505996704,-0.11822490394115448,-0.03997274115681648,-0.03887123614549637,-0.03344322741031647,0.03301867097616196,0.026716696098446846,0.17991161346435547,0.048520319163799286,0.017910292372107506,0.07419133186340332,0.11476869136095047,-0.0659283772110939,0.008426455780863762,0.09733185172080994,0.06814377754926682,0.07597465813159943,-0.005288181360810995,-0.16536448895931244,0.10124462842941284,0.14569559693336487,0.036210253834724426,0.10605503618717194,0.04640834033489227,0.11721944808959961,0.12413673102855682,0.011106904596090317,-8.04596274974756E-5,-0.07404394447803497,0.031580567359924316,-0.025662092491984367,-0.06885439902544022,0.0595381036400795,0.04823694005608559,0.10100778192281723,0.054432209581136703,0.15517036616802216,0.023709489032626152,-0.04382030665874481,0.06376568973064423,0.12490370124578476,-0.007213373202830553,0.022515589371323586,-0.035686179995536804,0.034377288073301315,-0.16485996544361115,0.006981343496590853,0.03493667021393776,0.12827502191066742,0.12853343784809113,2.738584589678794E-4,0.02999255061149597,-0.01735682226717472,0.040672264993190765
0.17236270010471344,-0.04916438087821007,0.05607122555375099,-0.04062473401427269,-0.17420440912246704,-0.05896672233939171,0.07917007803916931,-0.013620368205010891,0.19251564145088196,-0.13247859477996826,-0.06349243223667145,-0.06606779992580414,0.032233744859695435,0.08539489656686783,-0.0234316848218441,0.1059948056936264,-0.020358098670840263,0.16213569045066833,-0.03960717096924782,-0.1645534634590149,-0.11577710509300232,0.0508895181119442,-0.08368085324764252,-0.025059666484594345,0.1308683156967163,-0.11655775457620621,-0.09950719028711319,0.12489034235477448,-0.11835668236017227,-0.21012961864471436,0.24257086217403412,-0.03762964904308319,-0.009314487688243389,0.08281411975622177,0.13492676615715027,0.02928096242249012,-0.03838882967829704,0.036277126520872116,0.09589739888906479,-0.1667969673871994,0.032321132719516754,-0.1399943232536316,0.023572644218802452,-0.05140427500009537,0.13205042481422424,-0.012611457146704197,-0.19463898241519928,-0.1005532443523407,-0.046286195516586304,-0.07528509199619293,-0.03385942429304123,-0.006445583421736956,0.030227260664105415,0.20846673846244812,0.07869954407215118,0.015040682628750801,0.09789291769266129,0.08995063602924347,-0.03038090281188488,-0.03449256718158722,0.11467882245779037,0.07323113083839417,0.11934763938188553,0.051336489617824554,-0.1884889006614685,0.1194227784872055,0.14688970148563385,0.05964178219437599,0.088939368724823,0.06825888901948929,0.09909233450889587,0.14488090574741364,0.01732451468706131,0.0052627697587013245,-0.09005362540483475,0.02748207189142704,-0.001750617753714323,-0.05201181769371033,0.09828250855207443,0.06536625325679779,0.11007065325975418,0.04408423230051994,0.14720658957958221,0.034478068351745605,-0.039263371378183365,0.07984558492898941,0.10231190174818039,0.015839140862226486,-0.007540361490100622,-0.023853668943047523,0.05793346092104912,-0.123897485435009,0.054458171129226685,0.03114650957286358,0.13543426990509033,0.08325909078121185,-0.04175928235054016,0.044208165258169174,-0.006806204095482826,0.0314750038087368
0.17638139426708221,-0.08106908947229385,0.09620923548936844,-0.05631257966160774,-0.15461835265159607,-0.026224518194794655,0.09387193620204926,-0.035379573702812195,0.21432363986968994,-0.10485818237066269,-0.028180407360196114,-0.03419347479939461,0.017766384407877922,0.10162217915058136,0.018036525696516037,0.11829426139593124,-0.003373810788616538,0.10367673635482788,-0.015645820647478104,-0.13322246074676514,-0.12301322817802429,0.06215057522058487,-0.05935326963663101,-0.03634637966752052,0.090848907828331,-0.13933472335338593,-0.08130232989788055,0.11109467595815659,-0.09434997290372849,-0.2055310755968094,0.2466532438993454,-0.014662493020296097,0.04487251490354538,0.07360914349555969,0.10236162692308426,0.020729297772049904,-0.06151842325925827,0.033207010477781296,0.09719409048557281,-0.1674724966287613,0.041390322148799896,-0.1659649908542633,0.015933746472001076,-0.04263170808553696,0.14012689888477325,-0.033130135387182236,-0.1783895343542099,-0.12241637706756592,-0.03925507515668869,-0.0648408979177475,-0.02196803130209446,0.006290968041867018,0.031832050532102585,0.18576271831989288,0.08129986375570297,0.025415990501642227,0.09454645216464996,0.10083375871181488,-0.039394594728946686,0.0018827833700925112,0.09732796996831894,0.09329625964164734,0.08192794770002365,0.006706273648887873,-0.16006815433502197,0.10750873386859894,0.1453193724155426,0.04476713389158249,0.10158634185791016,0.0468081533908844,0.11300474405288696,0.12694616615772247,0.025233374908566475,-0.005896015092730522,-0.09493855386972427,0.029213489964604378,-0.017423005774617195,-0.08623088151216507,0.06037706509232521,0.06981593370437622,0.08509154617786407,0.05389303341507912,0.16683931648731232,0.052925437688827515,-0.05106023699045181,0.07590439170598984,0.1250164955854416,-0.012720832601189613,0.019061660394072533,-0.042904920876026154,0.05594438686966896,-0.1403653919696808,0.0189348254352808,0.01960849016904831,0.12965376675128937,0.11040220409631729,-0.0026897145435214043,0.03269815444946289,-0.008043293841183186,0.032034214586019516
0.17982268333435059,-0.035827577114105225,0.09579738229513168,-0.08449625968933105,-0.16713343560695648,-0.01981285773217678,0.04859380051493645,-0.034309517592191696,0.18583357334136963,-0.13109540939331055,0.010846526362001896,-0.05530266463756561,0.02375536412000656,0.125087708234787,-0.0029799980111420155,0.10629161447286606,-0.005081112962216139,0.1395154893398285,0.0022053420543670654,-0.15638776123523712,-0.1135144829750061,0.07381283491849899,-0.06153446063399315,-0.055261604487895966,0.1094745472073555,-0.09917493909597397,-0.08866013586521149,0.12935981154441833,-0.1066163182258606,-0.19702525436878204,0.22359393537044525,-0.03653838858008385,0.032336607575416565,0.07577234506607056,0.14899495244026184,0.014563454315066338,-0.07751954346895218,0.025690071284770966,0.10753899067640305,-0.17828375101089478,0.026253843680024147,-0.16391752660274506,0.05749953165650368,-0.06494811177253723,0.10987931489944458,-0.024528868496418,-0.16500023007392883,-0.14881901443004608,1.6459508333355188E-4,-0.0948069617152214,0.024592632427811623,0.0334293469786644,-0.02108553983271122,0.19686460494995117,0.10110794007778168,0.018682247027754784,0.10174856334924698,0.09178785979747772,-0.03116736374795437,-0.003515547839924693,0.125352680683136,0.11279983818531036,0.06368445605039597,0.0028956839814782143,-0.1355457454919815,0.13175469636917114,0.11829877644777298,0.06707672029733658,0.09792222082614899,0.06415914744138718,0.13196952641010284,0.12937664985656738,0.03530128300189972,3.8481541560031474E-4,-0.10876519978046417,0.01978730969130993,-0.03669344261288643,-0.08420766144990921,0.05579765513539314,0.08571098744869232,0.0626443475484848,0.026407143101096153,0.15836402773857117,0.045689936727285385,-0.019060881808400154,0.07654900848865509,0.10750189423561096,-0.007924568839371204,0.02230858989059925,-0.036890219897031784,0.05050944536924362,-0.12767226994037628,0.04240254685282707,0.01894467882812023,0.13556751608848572,0.1235773041844368,0.010397396050393581,0.019437717273831367,-0.04561888799071312,0.0047728824429214
0.23420993983745575,-0.13599886000156403,0.08861376345157623,-0.059984344989061356,-0.15555612742900848,-0.014004247263073921,0.13350187242031097,-0.02964049205183983,0.20201699435710907,-0.07188403606414795,-0.023508671671152115,-0.0023438320495188236,0.05999823287129402,0.04300474748015404,0.018668191507458687,0.13784454762935638,-9.57476266194135E-4,0.1079060286283493,-0.029573198407888412,-0.13016414642333984,-0.13893070816993713,0.07087982445955276,-0.06685838848352432,-0.04026937857270241,0.056564122438430786,-0.09216393530368805,-0.09493323415517807,0.1281539350748062,-0.08855318278074265,-0.2021903693675995,0.2778439223766327,-0.024074509739875793,0.06663572788238525,0.08112334460020065,0.08495382964611053,0.03671446815133095,-0.08465201407670975,0.005000290926545858,0.08174236118793488,-0.1750590056180954,0.029031116515398026,-0.16124999523162842,0.0030839224345982075,-0.03646303340792656,0.10419576615095139,-0.02156774513423443,-0.20497272908687592,-0.12366344034671783,-0.0642201229929924,-0.033866070210933685,0.0114732151851058,0.040696509182453156,0.01152750849723816,0.1790224015712738,0.06981849670410156,0.021788649260997772,0.08157029747962952,0.11697661876678467,-0.035804830491542816,-0.053105518221855164,0.09136508405208588,0.10531271249055862,0.07786516845226288,-0.005396659951657057,-0.1420888453722,0.10994133353233337,0.1656465232372284,0.014719968661665916,0.10951751470565796,0.04737316444516182,0.12906934320926666,0.14273551106452942,0.013630642555654049,0.002152667148038745,-0.0934922844171524,0.030665552243590355,-0.024897051975131035,-0.08581129461526871,0.07406027615070343,0.05945122241973877,0.05746717005968094,0.040946539491415024,0.15713319182395935,0.07482397556304932,-0.07395529747009277,0.08238492906093597,0.1393095999956131,-0.03646251931786537,0.005388085264712572,-0.06565288454294205,0.05711987242102623,-0.1341080516576767,0.02609766274690628,0.00960255041718483,0.11734510958194733,0.10337498784065247,0.0019956459291279316,0.023457162082195282,0.007659279275685549,0.027761409059166908
0.21777935326099396,-0.11731860786676407,0.11400134861469269,-0.1074502244591713,-0.10722243785858154,-0.007014361675828695,0.1303393542766571,-0.08122741430997849,0.24354450404644012,-0.10681113600730896,-0.026873359456658363,0.0014966115122660995,0.03516640514135361,0.06385074555873871,0.058566365391016006,0.14383481442928314,-0.04184306040406227,0.15137283504009247,-0.008978440426290035,-0.14626729488372803,-0.13696171343326569,0.057831622660160065,-0.05869606137275696,-0.049918364733457565,0.10435405373573303,-0.14022395014762878,-0.09957023710012436,0.1393672078847885,-0.06383460760116577,-0.19802458584308624,0.27869680523872375,0.014317570254206657,0.08481375128030777,0.06201167032122612,0.13284796476364136,0.01112306397408247,-0.09182974696159363,0.04758340120315552,0.07969550043344498,-0.17013564705848694,0.06347246468067169,-0.2028011828660965,0.0496949777007103,-0.03416626155376434,0.15588337182998657,-0.029042651876807213,-0.17303824424743652,-0.14141203463077545,-0.06780578941106796,-0.08926938474178314,0.029382506385445595,0.026631666347384453,0.018813924863934517,0.17166031897068024,0.05384667590260506,0.013225163333117962,0.07824636250734329,0.11738733947277069,-0.08722721040248871,0.04880037158727646,0.06948380172252655,0.09337466210126877,0.05095939338207245,-0.013113250024616718,-0.13318586349487305,0.08180476725101471,0.1503055840730667,0.041244007647037506,0.11624616384506226,0.027291519567370415,0.10747266560792923,0.12411504238843918,0.05663523077964783,-0.013622302561998367,-0.08487294614315033,0.006723280064761639,-0.023421499878168106,-0.09023264795541763,0.04162516072392464,0.08729942888021469,0.09993256628513336,0.052591826766729355,0.16838635504245758,0.059776850044727325,-0.053982265293598175,0.09156744182109833,0.13075682520866394,-0.014230352826416492,0.05205286294221878,-0.04480680078268051,0.06491556018590927,-0.2049841582775116,-0.0165889672935009,0.019791753962635994,0.15056052803993225,0.12135981768369675,0.030315497890114784,0.043485868722200394,-0.040203917771577835,0.05076535418629646
0.17119981348514557,-0.1206526979804039,0.0987294390797615,-0.06130966916680336,-0.15682755410671234,-0.03814343735575676,0.12347792088985443,-0.04749638959765434,0.23364169895648956,-0.0886106789112091,-0.024608122184872627,-0.04253963753581047,0.019192837178707123,0.08416874706745148,0.014766233041882515,0.14369258284568787,-0.022550225257873535,0.1360240876674652,-0.03566316142678261,-0.144233837723732,-0.1507282257080078,0.08048336207866669,-0.07301513850688934,-0.009828552603721619,0.10546696186065674,-0.10232769697904587,-0.09653662145137787,0.12006114423274994,-0.10819588601589203,-0.20202364027500153,0.2579919099807739,0.014394091442227364,0.0711791068315506,0.07374302297830582,0.11723695695400238,0.029983365908265114,-0.08328273892402649,0.03998517990112305,0.1032668948173523,-0.1622679978609085,0.02076597325503826,-0.18672162294387817,0.013543478213250637,-0.05716904252767563,0.15545648336410522,-0.017191797494888306,-0.1734509915113449,-0.1356528252363205,-0.03964000195264816,-0.062546506524086,-0.03257876634597778,0.02342591993510723,0.03044932149350643,0.20863772928714752,0.0627686083316803,0.006453231908380985,0.09952107071876526,0.11301182955503464,-0.057779956609010696,-0.0012062895111739635,0.10891497880220413,0.06896253675222397,0.07660280913114548,-0.024960832670331,-0.16155865788459778,0.11158325523138046,0.14145830273628235,0.037611547857522964,0.10160912573337555,0.04275136813521385,0.10138163715600967,0.11519384384155273,8.36431747302413E-4,-0.005018918309360743,-0.08362450450658798,0.02828827127814293,-0.030315537005662918,-0.08740819990634918,0.07609519362449646,0.08103758841753006,0.08448675274848938,0.05987546592950821,0.15801236033439636,0.04469633474946022,-0.04471258446574211,0.07647037506103516,0.11738120019435883,-0.011193471029400826,0.0385824479162693,-0.06799198687076569,0.04456103965640068,-0.13691815733909607,0.006575966719537973,0.05366225913167,0.14304354786872864,0.14086268842220306,-0.014198065735399723,0.041416604071855545,1.9045645603910089E-4,0.02956913784146309
0.18665196001529694,-0.0875864252448082,0.0918901115655899,-0.07534095644950867,-0.14209893345832825,-0.017419427633285522,0.12323786318302155,-0.056039657443761826,0.21972621977329254,-0.11368250846862793,-0.02233518660068512,-0.01865123212337494,0.029230929911136627,0.08364704996347427,0.02179843559861183,0.12463187426328659,-0.014289271086454391,0.12393270432949066,-0.01323606725782156,-0.15531422197818756,-0.127517968416214,0.080465167760849,-0.06541751325130463,-0.03572937846183777,0.10239341109991074,-0.13204050064086914,-0.1037902683019638,0.12418829649686813,-0.10927873104810715,-0.1917533576488495,0.26025325059890747,-0.0049331653863191605,0.051200635731220245,0.07949341088533401,0.1369045078754425,0.018348637968301773,-0.08079957962036133,0.01921304501593113,0.09197422862052917,-0.17623211443424225,0.01633227989077568,-0.1689877063035965,0.03838562220335007,-0.040519896894693375,0.13560925424098969,-0.02998312935233116,-0.16504929959774017,-0.14651505649089813,-0.04443196579813957,-0.09068714827299118,-0.010129767470061779,0.014593643136322498,0.018181951716542244,0.184860497713089,0.09303051233291626,0.01920747570693493,0.11823190748691559,0.10027129203081131,-0.056456368416547775,0.0074677178636193275,0.10508359223604202,0.08506520092487335,0.06355316191911697,0.0017102423589676619,-0.15205495059490204,0.11851178109645844,0.14926928281784058,0.04992387443780899,0.10611239075660706,0.0698975995182991,0.11291508376598358,0.13491323590278625,0.042384449392557144,-0.004634525626897812,-0.09607845544815063,0.03000694140791893,-0.030888795852661133,-0.08622405678033829,0.06095851957798004,0.09540089219808578,0.0760645717382431,0.0627843365073204,0.1738772988319397,0.047839272767305374,-0.033308111131191254,0.08155021071434021,0.11965906620025635,-0.027143364772200584,0.026358425617218018,-0.04299642890691757,0.0518864169716835,-0.15191107988357544,0.023826420307159424,0.017127549275755882,0.12708400189876556,0.12098542600870132,0.007398546673357487,0.03221826255321503,-0.04593488946557045,0.025627829134464264
0.19183437526226044,-0.07223145663738251,0.10221999138593674,-0.08296243101358414,-0.16661252081394196,-0.01801243983209133,0.10993146151304245,-0.049404338002204895,0.24770762026309967,-0.13996638357639313,-0.046492718160152435,-0.029450757429003716,-0.0025815104600042105,0.09184708446264267,0.024401208385825157,0.12067615240812302,-0.012774921953678131,0.12243012338876724,-0.02980816550552845,-0.1838754266500473,-0.11863277852535248,0.09327258914709091,-0.06167824938893318,-0.05128827318549156,0.12911668419837952,-0.1228986456990242,-0.08629913628101349,0.12310514599084854,-0.1097569465637207,-0.19309982657432556,0.2699074149131775,-0.01419129129499197,0.050993937999010086,0.06236860156059265,0.15417791903018951,0.03249907121062279,-0.08774612843990326,0.03233228251338005,0.09196344763040543,-0.21402156352996826,0.03379075601696968,-0.19608339667320251,0.08197303116321564,-0.05904348939657211,0.15172195434570312,-0.07308125495910645,-0.17758914828300476,-0.14580142498016357,0.013007577508687973,-0.12631665170192719,0.010013382881879807,0.03783658519387245,0.009427685290575027,0.20653200149536133,0.1562848687171936,0.008841476403176785,0.12902790307998657,0.08799055963754654,-0.0627952516078949,0.020746052265167236,0.10427621006965637,0.10602614283561707,0.06443829089403152,-0.01249539852142334,-0.15192241966724396,0.1376495063304901,0.13019873201847076,0.062473125755786896,0.08355703949928284,0.08024705201387405,0.14632271230220795,0.1311631053686142,0.07992539554834366,-0.011534212157130241,-0.11201461404561996,0.03410438448190689,-0.026108520105481148,-0.11528826504945755,0.07267135381698608,0.11787833273410797,0.05057157203555107,0.05733349919319153,0.17175471782684326,0.0658445879817009,-0.02962036058306694,0.10413873195648193,0.11030150204896927,-0.010679839178919792,0.01769801788032055,-0.020725881680846214,0.0571138933300972,-0.14466483891010284,0.010189572349190712,0.020275773480534554,0.14956648647785187,0.13415901362895966,0.019314702600240707,0.02429167740046978,-0.02697770483791828,1.3957043120171875E-4
0.22538794577121735,-0.12297976016998291,0.10252891480922699,-0.06908486783504486,-0.14755354821681976,-0.027675053104758263,0.11651211977005005,-0.04531373456120491,0.23056170344352722,-0.09310845285654068,-0.04899866506457329,-0.01560320146381855,0.025709865614771843,0.06282269954681396,0.026833079755306244,0.13884928822517395,-0.012690555304288864,0.12761883437633514,-0.025358209386467934,-0.1464885026216507,-0.1321854591369629,0.06724158674478531,-0.05072604864835739,-0.030654966831207275,0.09209193289279938,-0.11396928131580353,-0.09223172068595886,0.1397656798362732,-0.10833707451820374,-0.20274630188941956,0.284099817276001,-3.236605698475614E-5,0.06433816999197006,0.07756507396697998,0.11912643909454346,0.038167983293533325,-0.08294060826301575,0.03809032216668129,0.0885249450802803,-0.17289596796035767,0.040350381284952164,-0.1845744401216507,0.029840320348739624,-0.04479381814599037,0.14590008556842804,-0.045872051268815994,-0.1786864697933197,-0.1273958683013916,-0.027713624760508537,-0.07846090197563171,-0.006549916695803404,0.030702998861670494,0.036910995841026306,0.17772682011127472,0.10475704073905945,0.01685473695397377,0.10286971926689148,0.11648787558078766,-0.05045890063047409,0.0037832921370863914,0.09563452005386353,0.09093669056892395,0.06746561080217361,-0.015621212311089039,-0.1666128933429718,0.10441464930772781,0.14842623472213745,0.034437764436006546,0.11315964162349701,0.057026758790016174,0.11569977551698685,0.1338910162448883,0.03429402410984039,-0.019770238548517227,-0.09877290576696396,0.0368758961558342,-0.02088647335767746,-0.09004412591457367,0.06059136241674423,0.07228399068117142,0.08472079038619995,0.0582057423889637,0.16231964528560638,0.06943994760513306,-0.064049132168293,0.07926615327596664,0.12083888053894043,-0.01840515248477459,0.01796448603272438,-0.04578061401844025,0.08053852617740631,-0.1536514312028885,0.008488994091749191,0.02747155725955963,0.12241385132074356,0.11768313497304916,0.01728792116045952,0.028330139815807343,-0.01563168130815029,0.03774552419781685
0.2336757928133011,-0.10913655161857605,0.10291868448257446,-0.08604234457015991,-0.09149307757616043,0.019341791048645973,0.14926573634147644,-0.06343591958284378,0.22642916440963745,-0.10411204397678375,-0.007168990094214678,0.009598023258149624,0.026768995448946953,0.08773259073495865,0.04948582127690315,0.11636120826005936,-0.01295961532741785,0.10998457670211792,-0.01700410433113575,-0.1399976909160614,-0.12066562473773956,0.06975319236516953,-0.038010310381650925,-0.04565012827515602,0.0711229220032692,-0.1501232087612152,-0.10772327333688736,0.11951746046543121,-0.06731785088777542,-0.199635311961174,0.2931186854839325,0.013600284233689308,0.08324453234672546,0.061616890132427216,0.10598016530275345,0.013049038127064705,-0.07060752809047699,0.042470306158065796,0.08274104446172714,-0.1605874001979828,0.06608261913061142,-0.1922295093536377,0.03295731544494629,-0.028955742716789246,0.15521445870399475,-0.05176464095711708,-0.1571621149778366,-0.10811779648065567,-0.04040655493736267,-0.09319141507148743,0.014579701237380505,0.022122753784060478,0.03793227672576904,0.14764101803302765,0.0859716460108757,0.011243314482271671,0.06862777471542358,0.11596585810184479,-0.06487969309091568,0.04083625227212906,0.07007487118244171,0.1026003509759903,0.03823741152882576,-0.007627724204212427,-0.1503192037343979,0.09184339642524719,0.14141133427619934,0.02250026911497116,0.12663276493549347,0.04209774732589722,0.1488645076751709,0.14248232543468475,0.05374835804104805,-0.006980737671256065,-0.09558612108230591,0.03402324393391609,-0.024031363427639008,-0.0982154831290245,0.040311507880687714,0.09899608045816422,0.07905801385641098,0.055732693523168564,0.17881068587303162,0.07529657334089279,-0.058377303183078766,0.08973974734544754,0.1478044092655182,-0.013125724159181118,0.04914753884077072,-0.04628966003656387,0.06792883574962616,-0.1886972188949585,-0.0022394703701138496,0.03456566110253334,0.10806804895401001,0.10307818651199341,0.05411676689982414,0.03167565539479256,-0.036687012761831284,0.03655285760760307
0.21067431569099426,-0.11214574426412582,0.07422249019145966,-0.06180906668305397,-0.14798885583877563,-0.01868215762078762,0.11851435154676437,-0.06101461872458458,0.213663250207901,-0.10217391699552536,-0.03601399436593056,-0.005735385697335005,0.03752461075782776,0.07518953084945679,0.008266376331448555,0.129904106259346,0.0021499560680240393,0.10947202146053314,-0.01460856944322586,-0.13143594563007355,-0.12269370257854462,0.061523500829935074,-0.058851126581430435,-0.01981481909751892,0.0804172083735466,-0.12611204385757446,-0.09146580100059509,0.11428026854991913,-0.09396711736917496,-0.21435722708702087,0.2655475437641144,-0.013727547600865364,0.050379157066345215,0.09457912296056747,0.09739852696657181,0.01761266030371189,-0.06410673260688782,0.006560838781297207,0.1122807115316391,-0.16907468438148499,0.04487497732043266,-0.1717773675918579,0.009819918312132359,-0.03543051704764366,0.12016015499830246,-0.028839580714702606,-0.17235194146633148,-0.12944717705249786,-0.041134800761938095,-0.06236238405108452,6.833124789409339E-4,0.015536868944764137,0.025399189442396164,0.16538715362548828,0.07619893550872803,0.01027663517743349,0.08757650852203369,0.10999279469251633,-0.03470899164676666,-0.022908439859747887,0.09907017648220062,0.08793655037879944,0.07565543800592422,-0.01261373795568943,-0.16699117422103882,0.10458260029554367,0.15616808831691742,0.03801823779940605,0.10416217148303986,0.050812046974897385,0.11657241731882095,0.13223615288734436,0.010359545238316059,-0.011363276280462742,-0.10784894227981567,0.042426012456417084,-0.012109759263694286,-0.08046205341815948,0.05978120490908623,0.07219021022319794,0.058458443731069565,0.05927174538373947,0.1543007791042328,0.05267225205898285,-0.05552990362048149,0.08877790719270706,0.137492373585701,-0.03579144924879074,0.013722852803766727,-0.046703122556209564,0.07040581107139587,-0.12548157572746277,0.007143077440559864,0.0200003944337368,0.11918477714061737,0.10988740622997284,0.017151936888694763,0.04138941690325737,-0.003679785178974271,0.04657363519072533
0.18549983203411102,-0.08665771037340164,0.11314669251441956,-0.07321956008672714,-0.1499740034341812,-0.03483925759792328,0.1020655408501625,-0.002357503864914179,0.19899624586105347,-0.12917853891849518,-0.03400493785738945,-0.04900946840643883,0.011027838103473186,0.08403576910495758,0.025974076241254807,0.09866122156381607,-0.0186940785497427,0.1267332136631012,-0.016049537807703018,-0.1733258068561554,-0.15727540850639343,0.0907839760184288,-0.06026197969913483,-0.047927554696798325,0.08293592929840088,-0.10263906419277191,-0.08452775329351425,0.11150748282670975,-0.11591549962759018,-0.18558791279792786,0.2623138427734375,-0.024066390469670296,0.03372511640191078,0.08919960260391235,0.13476401567459106,0.02397272363305092,-0.0745450109243393,0.05578932911157608,0.10179373621940613,-0.17374300956726074,0.03198365494608879,-0.1615324467420578,0.04828465357422829,-0.0580921471118927,0.1189599558711052,-0.05003936216235161,-0.17972354590892792,-0.1339629888534546,-0.01925657130777836,-0.097052663564682,-0.002228040713816881,0.012554188258945942,0.01677766628563404,0.2098258137702942,0.09293362498283386,0.023431193083524704,0.10882489383220673,0.07552240043878555,-0.09043504297733307,0.015277663245797157,0.10448981076478958,0.06859657168388367,0.07348961383104324,0.007208320312201977,-0.1372801810503006,0.14299044013023376,0.14842228591442108,0.036647409200668335,0.1079133078455925,0.07146954536437988,0.1331835687160492,0.1300075650215149,0.03954926133155823,0.03493454307317734,-0.08358703553676605,0.019378909841179848,-0.024366414174437523,-0.08847571164369583,0.08877948671579361,0.11201903223991394,0.0780106633901596,0.038718368858098984,0.15761983394622803,0.034411609172821045,-0.04371736943721771,0.0813397616147995,0.099274642765522,-0.01508338563144207,0.020589342340826988,-0.05174269154667854,0.03235402703285217,-0.13827969133853912,0.04133719950914383,0.024133970960974693,0.10851287096738815,0.12724047899246216,0.006190154235810041,0.02388422004878521,-0.006623953580856323,0.01703864522278309
0.23077714443206787,-0.12420463562011719,0.09702499955892563,-0.09191342443227768,-0.12846256792545319,0.0015886520268395543,0.12008947879076004,-0.059542328119277954,0.23611317574977875,-0.11395569145679474,-0.03566353768110275,-0.005236183758825064,0.01909993216395378,0.08026082813739777,0.04391995072364807,0.1618913859128952,-0.02244741842150688,0.1340349167585373,-0.015311856754124165,-0.17471519112586975,-0.13699251413345337,0.08604542911052704,-0.021913068369030952,-0.035734813660383224,0.09251085668802261,-0.1222381666302681,-0.09489882737398148,0.15246298909187317,-0.09859847277402878,-0.1908445805311203,0.2857413589954376,0.010095558129251003,0.07635479420423508,0.0686282142996788,0.15047739446163177,0.01966768130660057,-0.07951689511537552,0.029622076079249382,0.09457302838563919,-0.1818552166223526,0.03524170070886612,-0.1945083886384964,0.05063531547784805,-0.061100319027900696,0.13879695534706116,-0.049263834953308105,-0.17618176341056824,-0.15265755355358124,-5.147716728970408E-4,-0.11693219095468521,-0.014251796528697014,0.03870841860771179,0.03466229885816574,0.18252025544643402,0.10456617921590805,0.017562033608555794,0.10097388178110123,0.1229100152850151,-0.053873173892498016,0.01608124189078808,0.09718601405620575,0.09604643285274506,0.045285262167453766,-0.002331852214410901,-0.13435311615467072,0.0970190167427063,0.14059099555015564,0.024764079600572586,0.10985743999481201,0.06968177855014801,0.11852765083312988,0.12605613470077515,0.06232636421918869,-0.005411812104284763,-0.1004994735121727,0.04897024855017662,-0.038036055862903595,-0.08769411593675613,0.04358828067779541,0.10147477686405182,0.05922407656908035,0.059703949838876724,0.17732548713684082,0.06023157760500908,-0.04570311680436134,0.08665908873081207,0.15853255987167358,-0.053412701934576035,0.04386010393500328,-0.03685344010591507,0.06438884884119034,-0.1784205436706543,0.02881607413291931,0.023429356515407562,0.1277129352092743,0.13338178396224976,0.03225700557231903,0.037929076701402664,-0.04158296808600426,0.022355390712618828
0.18351300060749054,-0.08089156448841095,0.09579060971736908,-0.10870510339736938,-0.15734995901584625,-0.029811490327119827,0.1165134608745575,-0.06566058844327927,0.22953374683856964,-0.10890756547451019,-0.022903358563780785,-0.039289526641368866,0.02225434221327305,0.06083013862371445,0.03640928119421005,0.16134293377399445,-0.03946617990732193,0.1587187796831131,-0.018214430660009384,-0.19290529191493988,-0.1607828289270401,0.08035707473754883,-0.07446562498807907,-0.02212078496813774,0.09920026361942291,-0.09822224825620651,-0.07532762736082077,0.1561923772096634,-0.09054004400968552,-0.2137892097234726,0.301155149936676,0.018862303346395493,0.05815894901752472,0.06479135155677795,0.15705402195453644,0.0190549585968256,-0.07323852181434631,0.048988811671733856,0.07507138699293137,-0.14880935847759247,0.030675221234560013,-0.20471635460853577,0.06086484715342522,-0.062346410006284714,0.15053822100162506,-0.03883788734674454,-0.1850530505180359,-0.12091195583343506,-0.026195768266916275,-0.05554574728012085,-0.026635045185685158,0.04322032257914543,-0.003949620295315981,0.2077881395816803,0.07323161512613297,0.009145316667854786,0.12363377213478088,0.11371257901191711,-0.11409163475036621,0.06834854930639267,0.08343469351530075,0.04635164141654968,0.05510877072811127,-0.017856746912002563,-0.1609712541103363,0.11191848665475845,0.15139010548591614,0.0390351265668869,0.09768766909837723,0.04956616833806038,0.1437894105911255,0.12847629189491272,0.014646530151367188,0.012918571010231972,-0.05458316206932068,0.01072012074291706,-0.028492396697402,-0.10223891586065292,0.07878708094358444,0.08589278906583786,0.09841955453157425,0.06117171421647072,0.167310893535614,0.02035350538790226,-0.04393794387578964,0.06983602792024612,0.09855945408344269,-0.01082487404346466,0.03947928920388222,-0.06988095492124557,0.05067449063062668,-0.1888403445482254,0.019615288823843002,0.05153748765587807,0.11615761369466782,0.12818531692028046,0.039613284170627594,0.019008275121450424,-0.05801539123058319,0.04141951724886894
0.11568255722522736,-0.07353867590427399,0.07617393881082535,-0.0628698319196701,-0.21173526346683502,0.005110596772283316,0.10093463212251663,-0.03421253338456154,0.21866407990455627,-0.11376143246889114,-0.028132205829024315,-0.03401137515902519,0.02501930668950081,0.10310512781143188,-0.0072395154275000095,0.09591519832611084,0.012351340614259243,0.11538824439048767,-0.030165091156959534,-0.15571828186511993,-0.11953506618738174,0.07210244983434677,-0.06363007426261902,-0.0387796126306057,0.11002302914857864,-0.10195527225732803,-0.11416315287351608,0.13158150017261505,-0.12926146388053894,-0.18015874922275543,0.22768385708332062,-0.013096803799271584,0.0178110022097826,0.12027725577354431,0.1383078247308731,0.044247183948755264,-0.0746772438287735,0.014123504050076008,0.08454791456460953,-0.17624185979366302,0.025261512026190758,-0.15193501114845276,0.049303703010082245,-0.018348291516304016,0.13553179800510406,-0.04111330211162567,-0.15993891656398773,-0.11688907444477081,-0.03900758549571037,-0.0962166041135788,0.003237437689676881,-0.01124868169426918,0.008105983026325703,0.19119670987129211,0.11524764448404312,0.011215856298804283,0.10567513853311539,0.0888957679271698,-0.04380842670798302,-0.028444435447454453,0.13700413703918457,0.09270301461219788,0.06842843443155289,0.02860977314412594,-0.14761655032634735,0.13429975509643555,0.15458987653255463,0.07149621844291687,0.12010882794857025,0.08551157265901566,0.11355066299438477,0.14658498764038086,0.00596224470064044,-0.009134778752923012,-0.1246567890048027,0.021451905369758606,-0.025563491508364677,-0.07312173396348953,0.0849657952785492,0.08581237494945526,0.060670554637908936,0.041912589222192764,0.148514062166214,0.05676481872797012,-0.02608470991253853,0.06459260731935501,0.12154760211706161,-0.019220920279622078,0.0064124478958547115,-0.038568589836359024,0.049493223428726196,-0.10955706238746643,0.04008711501955986,0.02296522818505764,0.13369083404541016,0.10111407190561295,0.019872678443789482,0.027660341933369637,-0.024204546585679054,0.027953246608376503
0.11968733370304108,-0.05292374640703201,0.06984548270702362,-0.0790277048945427,-0.16722574830055237,0.0019625064451247454,0.09470348805189133,-0.0664338544011116,0.19930553436279297,-0.1153947114944458,0.007939020171761513,-0.026561303064227104,0.042655013501644135,0.09524520486593246,0.021629681810736656,0.10971079766750336,-0.010794888250529766,0.14944270253181458,-0.015166882425546646,-0.15417520701885223,-0.14170849323272705,0.07317506521940231,-0.0792304053902626,-0.04967831075191498,0.10077875107526779,-0.11151206493377686,-0.10242877900600433,0.13314108550548553,-0.09971603006124496,-0.19278761744499207,0.25045889616012573,-0.001282831304706633,0.045480966567993164,0.07592249661684036,0.13474953174591064,0.023246856406331062,-0.06636451184749603,0.04250525310635567,0.05987875163555145,-0.13911907374858856,0.032149169594049454,-0.17358839511871338,0.03388819843530655,-0.028231551870703697,0.13030597567558289,-0.013353746384382248,-0.16881082952022552,-0.11714565008878708,-0.04893647879362106,-0.07264931499958038,0.0025417834986001253,-7.871748530305922E-4,-0.015397605486214161,0.1850018948316574,0.05914531648159027,0.010994022712111473,0.09798195958137512,0.10734150558710098,-0.08431032299995422,0.03168928250670433,0.10641790926456451,0.07701613754034042,0.05703507363796234,0.016898196190595627,-0.14453428983688354,0.1057315543293953,0.15813800692558289,0.04459870979189873,0.12465961277484894,0.062296658754348755,0.12671197950839996,0.13168853521347046,0.01459348201751709,0.0010511393193155527,-0.0832621157169342,-0.00975982565432787,-0.029012901708483696,-0.08062345534563065,0.07663734257221222,0.0845518559217453,0.06629069149494171,0.025340594351291656,0.15082576870918274,0.03856242448091507,-0.040202077478170395,0.06066597253084183,0.12089696526527405,-0.005168977193534374,0.0286787711083889,-0.0579831562936306,0.05289547145366669,-0.15879805386066437,0.007011596113443375,0.028191886842250824,0.13015557825565338,0.0982256531715393,0.04365931823849678,0.028945984318852425,-0.036833927035331726,0.03659934550523758
